id;name;size;mime_type;path;created_by;created_date
1;majority through;6598;tightly after;rival since than;sushi heartache interviewer;2025-05-21T23:46:18
2;and;10294;concerning for camouflage;cleverly;birdbath before;2025-05-21T23:22:11
3;unusual so guilty;18258;stable;untried against over;mosh diligently;2025-05-22T13:25:21
4;probable adumbrate;21878;closely;kielbasa;wherever forsaken;2025-05-22T05:31:25
5;affectionate;18915;goose;beyond cruelly or;potentially liberalize bloom;2025-05-22T00:50:13
6;bah;29647;ravel cheetah aggravating;arraign provided thump;yum;2025-05-21T19:00:47
7;instead;2571;toward excepting psst;graceful awkwardly import;scramble until;2025-05-22T10:17:08
8;oddly;9681;yum an;stay lest;cruel vague finally;2025-05-21T17:56:15
9;smoggy oof furthermore;24754;afore industrialize;requirement openly who;energetic;2025-05-21T20:06:03
10;trash;7936;intelligent creak majestically;after;electronics;2025-05-22T09:36:24
